{"loss": [0.00015379648539237678, 0.00013714013039134443, 0.00012642810179386288, 0.00011899706441909075, 0.00011462814291007817], "accuracy": [0.6570000052452087, 0.7092499732971191, 0.7415000200271606, 0.7617499828338623, 0.7752500176429749], "auc": [0.713632345199585, 0.7811903357505798, 0.8159688115119934, 0.8398613333702087, 0.8545993566513062], "auc_1": [0.6733199954032898, 0.7339375615119934, 0.7744553089141846, 0.8063614368438721, 0.8255663514137268], "precision": [0.6481131911277771, 0.6904870271682739, 0.7120280861854553, 0.7263294458389282, 0.7400785088539124], "recall": [0.6869999766349792, 0.7584999799728394, 0.8109999895095825, 0.8399999737739563, 0.8485000133514404], "val_loss": [0.5989350080490112, 0.5062915086746216, 0.4820568561553955, 0.4936749339103699, 0.4520223140716553], "val_accuracy": [0.6320000290870667, 0.7350000143051147, 0.7524999976158142, 0.7584999799728394, 0.781499981880188], "val_auc": [0.7906979322433472, 0.8202269673347473, 0.8391034603118896, 0.8524370193481445, 0.8640590310096741], "val_auc_1": [0.7654370069503784, 0.794417142868042, 0.8126994371414185, 0.8231983780860901, 0.8358966112136841], "val_precision": [0.7773109078407288, 0.7148080468177795, 0.7228596806526184, 0.6855707168579102, 0.7538322806358337], "val_recall": [0.3700000047683716, 0.7820000052452087, 0.8190000057220459, 0.9549999833106995, 0.8360000252723694]}