{"loss": [1.0239732265472412, 0.6845375299453735, 0.5016558170318604, 0.3919321894645691, 0.32769012451171875, 0.2605123221874237, 0.21407242119312286, 0.16541805863380432, 0.13514870405197144, 0.11782385408878326, 0.0934709832072258, 0.08448345959186554, 0.07142903655767441, 0.056830033659935, 0.047917842864990234, 0.04138830676674843, 0.036317575722932816, 0.03298291191458702, 0.02970689907670021, 0.022284474223852158], "accuracy": [0.6201428771018982, 0.7265714406967163, 0.7934285998344421, 0.8318571448326111, 0.8619999885559082, 0.8901428580284119, 0.9135714173316956, 0.9368571639060974, 0.9565714001655579, 0.9628571271896362, 0.9728571176528931, 0.9757142663002014, 0.9807142615318298, 0.9875714182853699, 0.9909999966621399, 0.9922857284545898, 0.99314284324646, 0.9938571453094482, 0.9945714473724365, 0.9975714087486267], "auc": [0.6680700778961182, 0.7991509437561035, 0.8702702522277832, 0.9105702638626099, 0.9345178008079529, 0.9582321643829346, 0.9726793766021729, 0.9853150248527527, 0.9915937185287476, 0.9939538240432739, 0.9972169995307922, 0.9975226521492004, 0.998472273349762, 0.9992995262145996, 0.999627411365509, 0.9996899962425232, 0.999786376953125, 0.9998324513435364, 0.9997991323471069, 0.9999715089797974], "auc_1": [0.6432640552520752, 0.7782196998596191, 0.8553670644760132, 0.9030009508132935, 0.9284927248954773, 0.9536716938018799, 0.9718322157859802, 0.9847598671913147, 0.9913858771324158, 0.9938842058181763, 0.997227668762207, 0.9975653290748596, 0.9984786510467529, 0.9993133544921875, 0.9996175765991211, 0.9996811151504517, 0.9997938275337219, 0.999833881855011, 0.999805212020874, 0.9999712705612183], "precision": [0.6196982860565186, 0.7252840995788574, 0.7892957925796509, 0.8270909786224365, 0.8571025729179382, 0.8849732279777527, 0.9092451333999634, 0.9316770434379578, 0.9519230723381042, 0.9584040641784668, 0.9699034690856934, 0.9732802510261536, 0.9797548055648804, 0.9863209128379822, 0.9891830086708069, 0.9911630749702454, 0.9917379021644592, 0.9931526184082031, 0.994288980960846, 0.9977136254310608], "recall": [0.621999979019165, 0.7294285893440247, 0.8005714416503906, 0.8391428589820862, 0.8688571453094482, 0.8968571424484253, 0.9188571572303772, 0.9428571462631226, 0.9617142677307129, 0.9677143096923828, 0.9760000109672546, 0.9782857298851013, 0.9817143082618713, 0.9888571500778198, 0.9928571581840515, 0.9934285879135132, 0.9945714473724365, 0.9945714473724365, 0.994857132434845, 0.9974285960197449], "val_loss": [0.6972866654396057, 0.6192427277565002, 0.5812315940856934, 0.5506212711334229, 0.5630666017532349, 0.5411361455917358, 0.5198667645454407, 0.5352521538734436, 0.5236203670501709, 0.507813572883606, 0.4712471067905426, 0.5066675543785095, 0.49331459403038025, 0.46098318696022034, 0.47368234395980835, 0.4535030424594879, 0.45063236355781555, 0.473615825176239, 0.48195651173591614, 0.45597344636917114], "val_accuracy": [0.7440000176429749, 0.7475000023841858, 0.7735000252723694, 0.7835000157356262, 0.784500002861023, 0.7770000100135803, 0.7904999852180481, 0.7870000004768372, 0.8050000071525574, 0.7990000247955322, 0.8115000128746033, 0.8180000185966492, 0.809499979019165, 0.8234999775886536, 0.8190000057220459, 0.824999988079071, 0.8355000019073486, 0.8245000243186951, 0.8259999752044678, 0.8345000147819519], "val_auc": [0.8145809769630432, 0.835390567779541, 0.85265052318573, 0.861860454082489, 0.8642669916152954, 0.8615684509277344, 0.8781955242156982, 0.865217387676239, 0.8814564943313599, 0.8885174989700317, 0.8981741070747375, 0.899696409702301, 0.8906195163726807, 0.905984103679657, 0.902446448802948, 0.9082649350166321, 0.920322597026825, 0.9086759090423584, 0.9058375358581543, 0.916751503944397], "val_auc_1": [0.7786427736282349, 0.7998521327972412, 0.8228301405906677, 0.8324462175369263, 0.8368513584136963, 0.8366342186927795, 0.8544650077819824, 0.8385491371154785, 0.8592759370803833, 0.8665327429771423, 0.8773554563522339, 0.8760742545127869, 0.8728013038635254, 0.8831411004066467, 0.8801902532577515, 0.8918650150299072, 0.9012874364852905, 0.8882824182510376, 0.8849070072174072, 0.8957315683364868], "val_precision": [0.7029950022697449, 0.768147349357605, 0.7422497868537903, 0.7608095407485962, 0.746320366859436, 0.7623106241226196, 0.7559471130371094, 0.7864271402359009, 0.7732974886894226, 0.7660142183303833, 0.7870967984199524, 0.7736660838127136, 0.814213216304779, 0.7976080775260925, 0.8038095235824585, 0.8230616450309753, 0.7998212575912476, 0.7963470220565796, 0.8024118542671204, 0.8054794669151306], "val_recall": [0.8450000286102295, 0.7089999914169312, 0.8379999995231628, 0.8270000219345093, 0.8619999885559082, 0.8050000071525574, 0.8579999804496765, 0.7879999876022339, 0.8629999756813049, 0.8610000014305115, 0.8539999723434448, 0.8989999890327454, 0.8019999861717224, 0.8669999837875366, 0.843999981880188, 0.828000009059906, 0.8949999809265137, 0.871999979019165, 0.8650000095367432, 0.8820000290870667]}