{"acc": 0.79, "precision": 0.6513911620294599, "recall": 0.796, "neg_recall": 0.787, "f1_score": 0.7164716471647166, "auc": 0.886352}