{"loss": [0.8154722452163696, 0.3984030783176422, 0.28415003418922424, 0.18206480145454407, 0.13685747981071472, 0.13954345881938934, 0.10503973066806793, 0.06565606594085693, 0.056220438331365585, 0.07340400665998459], "accuracy": [0.7314285635948181, 0.8462857007980347, 0.8889999985694885, 0.9292857050895691, 0.9484285712242126, 0.9502857327461243, 0.9608571529388428, 0.9744285941123962, 0.9798571467399597, 0.974142849445343], "auc": [0.8079423308372498, 0.9262669086456299, 0.9584658741950989, 0.9807354807853699, 0.9883405566215515, 0.9876161217689514, 0.9932783842086792, 0.9966056942939758, 0.9975267052650452, 0.9961200952529907], "val_loss": [1.9625266790390015, 0.9244034886360168, 1.2984890937805176, 1.398659110069275, 0.810691237449646, 2.742535352706909, 2.186020612716675, 1.7372543811798096, 1.3318158388137817, 2.222693920135498], "val_accuracy": [0.5404999852180481, 0.7020000219345093, 0.5820000171661377, 0.5184999704360962, 0.6019999980926514, 0.5009999871253967, 0.5299999713897705, 0.6115000247955322, 0.5774999856948853, 0.6085000038146973], "val_auc": [0.6777045726776123, 0.7963619828224182, 0.6534969806671143, 0.5981925129890442, 0.6587260961532593, 0.5624430179595947, 0.6897770166397095, 0.8066825866699219, 0.59830641746521, 0.7998974919319153]}