{"loss": [0.7832584977149963, 0.44631651043891907, 0.2823738753795624, 0.18869070708751678, 0.13981978595256805, 0.11783348023891449, 0.10038229078054428, 0.07751315087080002, 0.07484514266252518, 0.057452138513326645], "accuracy": [0.7304285764694214, 0.829285740852356, 0.8904285430908203, 0.9295714497566223, 0.9457142949104309, 0.9539999961853027, 0.9620000123977661, 0.9714285731315613, 0.972428560256958, 0.9768571257591248], "auc": [0.8014717698097229, 0.9125683307647705, 0.9573041796684265, 0.978621244430542, 0.9878098368644714, 0.9911201596260071, 0.9934006929397583, 0.9958488941192627, 0.995857834815979, 0.9972845911979675], "precision": [0.7291844487190247, 0.8290036916732788, 0.8887624740600586, 0.927495002746582, 0.9441913366317749, 0.9539999961853027, 0.9633237719535828, 0.9708904027938843, 0.9733753204345703, 0.9760410785675049], "recall": [0.7331428527832031, 0.829714298248291, 0.8925714492797852, 0.9319999814033508, 0.9474285840988159, 0.9539999961853027, 0.9605714082717896, 0.972000002861023, 0.9714285731315613, 0.9777143001556396], "val_loss": [0.595248818397522, 0.4899463951587677, 0.4429613947868347, 0.4249435365200043, 0.3607074022293091, 0.3529892861843109, 0.39590081572532654, 0.4010920226573944, 0.39637789130210876, 0.45923522114753723], "val_accuracy": [0.7894999980926514, 0.7990000247955322, 0.8324999809265137, 0.8500000238418579, 0.8690000176429749, 0.8830000162124634, 0.887499988079071, 0.8815000057220459, 0.887499988079071, 0.8634999990463257], "val_auc": [0.8984065055847168, 0.9059200286865234, 0.9298539757728577, 0.9346705079078674, 0.9457564353942871, 0.9541178941726685, 0.9508479833602905, 0.9525710940361023, 0.9539428949356079, 0.9414604902267456], "val_precision": [0.7263486981391907, 0.8551068902015686, 0.8991596698760986, 0.814748227596283, 0.859649121761322, 0.8784584999084473, 0.8863409757614136, 0.8588899374008179, 0.8679962158203125, 0.8301544189453125], "val_recall": [0.9290000200271606, 0.7200000286102295, 0.7490000128746033, 0.906000018119812, 0.8820000290870667, 0.8889999985694885, 0.8889999985694885, 0.9129999876022339, 0.9139999747276306, 0.9139999747276306]}