{"acc": 0.85, "precision": 0.814748201438849, "recall": 0.906, "neg_recall": 0.794, "f1_score": 0.8579545454545454}