{"acc": 0.856, "precision": 0.8358490566037736, "recall": 0.886, "neg_recall": 0.826, "f1_score": 0.8601941747572815}