{"loss": [1.0867847204208374, 0.6624897718429565, 0.5093391537666321, 0.40936729311943054, 0.3330467939376831, 0.2678527534008026, 0.22627097368240356, 0.1794358193874359, 0.15140309929847717, 0.12584471702575684, 0.10921208560466766, 0.08985117077827454, 0.0786556676030159, 0.065901979804039, 0.054338932037353516, 0.04714656248688698, 0.0426587276160717, 0.03992790728807449, 0.029288584366440773, 0.026698581874370575], "accuracy": [0.6127142906188965, 0.732285737991333, 0.7855714559555054, 0.8220000267028809, 0.859000027179718, 0.8877142667770386, 0.9078571200370789, 0.9332857131958008, 0.9452857375144958, 0.9594285488128662, 0.9661428332328796, 0.9751428365707397, 0.9787142872810364, 0.9842857122421265, 0.9885714054107666, 0.9894285798072815, 0.9908571243286133, 0.9917142987251282, 0.9962857365608215, 0.99657142162323], "auc": [0.6478545665740967, 0.8019183874130249, 0.8639804720878601, 0.9032507538795471, 0.9324612617492676, 0.955927312374115, 0.9695106148719788, 0.9823387861251831, 0.9883711338043213, 0.9929218292236328, 0.9949500560760498, 0.9971650838851929, 0.9981107711791992, 0.9987754821777344, 0.9994201064109802, 0.9996182322502136, 0.9996331334114075, 0.9996725916862488, 0.999809980392456, 0.9999144077301025], "precision": [0.6091286540031433, 0.7305728793144226, 0.7845146656036377, 0.8167510032653809, 0.8546429872512817, 0.8805384039878845, 0.9024527668952942, 0.9282688498497009, 0.9401299357414246, 0.9562996625900269, 0.9625744223594666, 0.9729806780815125, 0.976942777633667, 0.9840091466903687, 0.9888507723808289, 0.9883124232292175, 0.9894586801528931, 0.9903134107589722, 0.9960022568702698, 0.9957216382026672], "recall": [0.6291428804397583, 0.7360000014305115, 0.7874285578727722, 0.8302857279777527, 0.8651428818702698, 0.8971428275108337, 0.9145714044570923, 0.9391428828239441, 0.9511428475379944, 0.9628571271896362, 0.9700000286102295, 0.9774285554885864, 0.980571448802948, 0.9845714569091797, 0.9882857203483582, 0.9905714392662048, 0.9922857284545898, 0.99314284324646, 0.99657142162323, 0.9974285960197449], "val_loss": [0.8823914527893066, 0.7454706430435181, 0.681807279586792, 0.6600980758666992, 0.6498083472251892, 0.6360848546028137, 0.6171762943267822, 0.6126365065574646, 0.7170145511627197, 0.590577244758606, 0.6086934804916382, 0.5824342370033264, 0.5934865474700928, 0.5698858499526978, 0.6375610828399658, 0.5713271498680115, 0.5588657259941101, 0.5747501850128174, 0.5837538242340088, 0.581878125667572], "val_accuracy": [0.6345000267028809, 0.7114999890327454, 0.7264999747276306, 0.737500011920929, 0.7484999895095825, 0.7394999861717224, 0.7524999976158142, 0.7549999952316284, 0.7315000295639038, 0.7670000195503235, 0.7630000114440918, 0.7720000147819519, 0.777999997138977, 0.781000018119812, 0.7770000100135803, 0.7919999957084656, 0.7950000166893005, 0.7950000166893005, 0.7850000262260437, 0.7914999723434448], "val_auc": [0.6972420811653137, 0.776359498500824, 0.80115807056427, 0.8137680292129517, 0.8259755373001099, 0.8307730555534363, 0.8382300734519958, 0.8446325063705444, 0.8446799516677856, 0.854278564453125, 0.8546244502067566, 0.8622695803642273, 0.8673859238624573, 0.871284544467926, 0.8722825646400452, 0.8756060004234314, 0.877938449382782, 0.877591073513031, 0.8796865344047546, 0.8799265027046204], "val_precision": [0.6423280239105225, 0.7182662487030029, 0.7318321466445923, 0.7281460165977478, 0.7212823033332825, 0.7706214785575867, 0.7771679759025574, 0.7272727489471436, 0.829302966594696, 0.7769709825515747, 0.7955056428909302, 0.7666666507720947, 0.7559852600097656, 0.7681297659873962, 0.7355442047119141, 0.8035343289375305, 0.7897838950157166, 0.779356062412262, 0.766853928565979, 0.7906281352043152], "val_recall": [0.6069999933242798, 0.6959999799728394, 0.7149999737739563, 0.7580000162124634, 0.8100000023841858, 0.6819999814033508, 0.7080000042915344, 0.8159999847412109, 0.5830000042915344, 0.7490000128746033, 0.7080000042915344, 0.7820000052452087, 0.8209999799728394, 0.8050000071525574, 0.8650000095367432, 0.7730000019073486, 0.8040000200271606, 0.8230000138282776, 0.8190000057220459, 0.7929999828338623]}