{"loss": [0.0001751251402311027, 0.00017241710156667978, 0.00017272523837164044, 0.0001721914013614878, 0.00017071541515178978], "accuracy": [0.5117499828338623, 0.5317500233650208, 0.531499981880188, 0.5382500290870667, 0.5597500205039978], "auc": [0.5108137130737305, 0.5459849238395691, 0.5378490090370178, 0.5523750185966492, 0.5916155576705933], "auc_1": [0.5072054266929626, 0.5397389531135559, 0.535966157913208, 0.5584135055541992, 0.5910910964012146], "precision": [0.5212669968605042, 0.5423051118850708, 0.554973840713501, 0.5570470094680786, 0.6141356229782104], "recall": [0.2879999876022339, 0.40700000524520874, 0.3179999887943268, 0.3734999895095825, 0.3215000033378601], "val_loss": [0.7036947011947632, 0.7197025418281555, 0.691493570804596, 0.6935346126556396, 0.6771399974822998], "val_accuracy": [0.5, 0.4970000088214874, 0.5224999785423279, 0.5289999842643738, 0.5920000076293945], "val_auc": [0.48793497681617737, 0.5040010213851929, 0.5584590435028076, 0.5659455060958862, 0.6967355012893677], "val_auc_1": [0.49043574929237366, 0.49656084179878235, 0.5452467203140259, 0.5614466667175293, 0.6652723550796509], "val_precision": [0.0, 0.25, 0.5747508406639099, 0.625, 0.6554054021835327], "val_recall": [0.0, 0.003000000026077032, 0.17299999296665192, 0.14499999582767487, 0.3880000114440918]}