{"loss": [0.0001746939233271405, 0.00017055514035746455, 0.00016890752885956317, 0.0001666514581302181, 0.00016477654571644962], "accuracy": [0.5249999761581421, 0.5, 0.5, 0.5009999871253967, 0.5447499752044678], "auc": [0.558364987373352, 0.6179999113082886, 0.667832612991333, 0.6976363658905029, 0.7211462259292603], "auc_1": [0.5444641709327698, 0.5901001691818237, 0.6154593825340271, 0.6358355283737183, 0.6571416854858398], "precision": [0.541946291923523, 0.0, 0.0, 0.5357142686843872, 0.6830266118049622], "recall": [0.3230000138282776, 0.0, 0.0, 0.014999999664723873, 0.16699999570846558], "val_loss": [0.6823599338531494, 0.6939972043037415, 0.6537280082702637, 0.6382125020027161, 0.6299920678138733], "val_accuracy": [0.5, 0.5, 0.5005000233650208, 0.5005000233650208, 0.5715000033378601], "val_auc": [0.7029839754104614, 0.6835589408874512, 0.7100939750671387, 0.7212715744972229, 0.7525680065155029], "val_auc_1": [0.6363206505775452, 0.6123014688491821, 0.6374764442443848, 0.647336483001709, 0.682763934135437], "val_precision": [0.0, 0.0, 1.0, 1.0, 0.7160120606422424], "val_recall": [0.0, 0.0, 0.0010000000474974513, 0.0010000000474974513, 0.2370000034570694]}