{"loss": [0.7975807189941406, 0.3375205993652344, 0.1598358452320099, 0.09817519038915634, 0.05406135693192482, 0.058065254241228104, 0.045890092849731445, 0.04464368522167206, 0.045847080647945404, 0.0370660126209259], "accuracy": [0.7374285459518433, 0.87371426820755, 0.9355714321136475, 0.961571455001831, 0.980571448802948, 0.9781428575515747, 0.9831428527832031, 0.9848571419715881, 0.9827142953872681, 0.9857142567634583], "auc": [0.8133772611618042, 0.9439547061920166, 0.984305202960968, 0.9936418533325195, 0.9981184601783752, 0.9974897503852844, 0.9985902309417725, 0.9982593059539795, 0.9984219670295715, 0.9988330006599426], "auc_1": [0.7961116433143616, 0.9402865171432495, 0.9838548898696899, 0.9936310052871704, 0.9979562163352966, 0.9968085289001465, 0.9984486699104309, 0.9982941746711731, 0.9986300468444824, 0.9988054633140564], "precision": [0.7370222210884094, 0.8715909123420715, 0.9351984262466431, 0.9606501460075378, 0.9786568284034729, 0.9791010618209839, 0.9831428527832031, 0.9848571419715881, 0.9842361807823181, 0.9859920144081116], "recall": [0.7382857203483582, 0.8765714168548584, 0.9359999895095825, 0.9625714421272278, 0.9825714230537415, 0.977142870426178, 0.9831428527832031, 0.9848571419715881, 0.9811428785324097, 0.9854285717010498], "val_loss": [0.6163703203201294, 0.4395129978656769, 0.380925714969635, 0.3084143102169037, 0.3335578441619873, 0.2991579473018646, 0.6905844211578369, 0.3396089971065521, 0.364725261926651, 0.27187806367874146], "val_accuracy": [0.7829999923706055, 0.8585000038146973, 0.8650000095367432, 0.8934999704360962, 0.8889999985694885, 0.9100000262260437, 0.8475000262260437, 0.9100000262260437, 0.9039999842643738, 0.9279999732971191], "val_auc": [0.8848446011543274, 0.9311109781265259, 0.9473475217819214, 0.9593874216079712, 0.9589295387268066, 0.9631448984146118, 0.940918505191803, 0.9627214670181274, 0.9655745029449463, 0.9735808968544006], "val_auc_1": [0.8667097091674805, 0.9314252734184265, 0.9479920864105225, 0.9587867259979248, 0.950141429901123, 0.9566617012023926, 0.95630943775177, 0.9633896350860596, 0.9664697051048279, 0.9725245237350464], "val_precision": [0.7253184914588928, 0.8987764120101929, 0.9185779690742493, 0.8854064345359802, 0.8549270033836365, 0.8988326787948608, 0.9793103337287903, 0.945652186870575, 0.9508928656578064, 0.9467641115188599], "val_recall": [0.9110000133514404, 0.8080000281333923, 0.8009999990463257, 0.9039999842643738, 0.9369999766349792, 0.9240000247955322, 0.7099999785423279, 0.8700000047683716, 0.8519999980926514, 0.9070000052452087]}