{"acc": 0.587, "precision": 0.6968325791855203, "recall": 0.308, "neg_recall": 0.866, "f1_score": 0.42718446601941745, "auc": 0.6742480000000001}