{"loss": [1.2087024450302124, 0.7545254826545715, 0.5779807567596436, 0.467545747756958, 0.3781914710998535, 0.3119257092475891, 0.25839129090309143, 0.2087300568819046, 0.17483092844486237, 0.14566363394260406, 0.12599292397499084, 0.1082180067896843, 0.08639693260192871, 0.08215367794036865, 0.06754152476787567, 0.06024504825472832, 0.053333580493927, 0.048615094274282455, 0.040912073105573654, 0.039454661309719086, 0.03335172310471535, 0.03039046935737133, 0.02818424068391323, 0.026157740503549576, 0.022854017093777657, 0.021412307396531105, 0.01933891884982586, 0.017383771017193794, 0.01585366018116474, 0.016556445509195328, 0.013399519957602024, 0.012114496901631355, 0.011103156954050064, 0.010586116462945938, 0.009974612854421139, 0.009317290037870407, 0.008923675864934921, 0.008403999730944633, 0.007381120231002569, 0.006445303559303284], "accuracy": [0.5671428442001343, 0.7057142853736877, 0.7624285817146301, 0.803428590297699, 0.8368571400642395, 0.8741428852081299, 0.8988571166992188, 0.9247142672538757, 0.9418571591377258, 0.9594285488128662, 0.9668571352958679, 0.9772857427597046, 0.9901428818702698, 0.9872857332229614, 0.9934285879135132, 0.9958571195602417, 0.9975714087486267, 0.9968571662902832, 0.9992856979370117, 0.9985714554786682, 0.9994285702705383, 0.9998571276664734, 0.9998571276664734, 0.9995714426040649, 1.0, 1.0, 0.9998571276664734, 1.0, 1.0, 0.9995714426040649, 1.0, 1.0, 1.0, 1.0, 1.0, 1.0, 1.0, 1.0, 1.0, 1.0], "auc": [0.5953099727630615, 0.7691108584403992, 0.8382364511489868, 0.8816283345222473, 0.9153943657875061, 0.9409000277519226, 0.9597845673561096, 0.9759392142295837, 0.9849962592124939, 0.9920271635055542, 0.9950733184814453, 0.9973468780517578, 0.9992748498916626, 0.99917072057724, 0.999730110168457, 0.9999254941940308, 0.9999399781227112, 0.9999526739120483, 0.9999977350234985, 0.9999933838844299, 0.9999980926513672, 0.9999999403953552, 0.9999998807907104, 0.9999996423721313, 1.0, 1.0, 0.9999998807907104, 1.0, 0.9999999403953552, 0.9999998211860657, 1.0, 1.0, 1.0, 1.0, 1.0, 1.0, 1.0, 1.0, 0.9999999403953552, 0.9999999403953552], "auc_1": [0.5755884051322937, 0.7470465898513794, 0.8214202523231506, 0.8714090585708618, 0.9059484004974365, 0.9363191723823547, 0.9570132493972778, 0.9749537706375122, 0.9839802384376526, 0.9916878938674927, 0.9947836399078369, 0.9972959160804749, 0.9993276596069336, 0.9991641640663147, 0.9997032880783081, 0.9999263286590576, 0.9999396800994873, 0.9999522566795349, 0.9999977350234985, 0.9999933242797852, 0.9999980330467224, 0.9999998807907104, 0.9999998211860657, 0.9999996423721313, 0.9999999403953552, 1.0, 1.0, 1.0, 1.0, 0.9999998211860657, 1.0, 1.0, 1.0, 0.9999999403953552, 1.0, 1.0, 0.9999999403953552, 1.0, 1.0, 1.0], "precision": [0.5663467049598694, 0.7045454382896423, 0.7613086700439453, 0.8015332221984863, 0.8370497226715088, 0.866703987121582, 0.894127607345581, 0.9188503623008728, 0.9342881441116333, 0.9529577493667603, 0.9605411291122437, 0.9733635783195496, 0.9869429469108582, 0.9846547245979309, 0.990903913974762, 0.9948673844337463, 0.9965782761573792, 0.9960068464279175, 0.9988580942153931, 0.9985714554786682, 0.9991433620452881, 0.9997143745422363, 0.9997143745422363, 0.9994287490844727, 1.0, 1.0, 0.9997143745422363, 1.0, 1.0, 0.9994287490844727, 1.0, 1.0, 1.0, 1.0, 1.0, 1.0, 1.0, 1.0, 1.0, 1.0], "recall": [0.5731428861618042, 0.7085714340209961, 0.7645714282989502, 0.8065714240074158, 0.836571455001831, 0.8842856884002686, 0.9048571586608887, 0.9317142963409424, 0.9505714178085327, 0.9665714502334595, 0.973714292049408, 0.9814285635948181, 0.9934285879135132, 0.9900000095367432, 0.9959999918937683, 0.9968571662902832, 0.9985714554786682, 0.9977142810821533, 0.9997143149375916, 0.9985714554786682, 0.9997143149375916, 1.0, 1.0, 0.9997143149375916, 1.0, 1.0, 1.0, 1.0, 1.0, 0.9997143149375916, 1.0, 1.0, 1.0, 1.0, 1.0, 1.0, 1.0, 1.0, 1.0, 1.0], "val_loss": [1.4063140153884888, 2.1507022380828857, 1.5975568294525146, 0.9645998477935791, 0.584501326084137, 0.5230828523635864, 0.5014399290084839, 0.5135472416877747, 0.5079247951507568, 0.5115274786949158, 0.48777467012405396, 0.5005313754081726, 0.516746997833252, 0.4850848913192749, 0.48941051959991455, 0.486815482378006, 0.4908209443092346, 0.4965973198413849, 0.4854791760444641, 0.48092561960220337, 0.47064486145973206, 0.47499871253967285, 0.4905553162097931, 0.47441986203193665, 0.46860456466674805, 0.47849375009536743, 0.4693858325481415, 0.4843969941139221, 0.48920807242393494, 0.48380398750305176, 0.4893992841243744, 0.47362953424453735, 0.4724833369255066, 0.46893176436424255, 0.48270201683044434, 0.523043155670166, 0.47319185733795166, 0.47185787558555603, 0.4724755585193634, 0.4739985167980194], "val_accuracy": [0.4894999861717224, 0.4860000014305115, 0.5015000104904175, 0.609499990940094, 0.7674999833106995, 0.7879999876022339, 0.8044999837875366, 0.8115000128746033, 0.7979999780654907, 0.7935000061988831, 0.8105000257492065, 0.7985000014305115, 0.8149999976158142, 0.8059999942779541, 0.8159999847412109, 0.8054999709129333, 0.8090000152587891, 0.8195000290870667, 0.8270000219345093, 0.8295000195503235, 0.8274999856948853, 0.8245000243186951, 0.8270000219345093, 0.828499972820282, 0.8264999985694885, 0.8349999785423279, 0.8289999961853027, 0.8314999938011169, 0.8395000100135803, 0.8410000205039978, 0.8424999713897705, 0.8410000205039978, 0.8270000219345093, 0.8345000147819519, 0.843999981880188, 0.8355000019073486, 0.8364999890327454, 0.8364999890327454, 0.8274999856948853, 0.8370000123977661], "val_auc": [0.5226150155067444, 0.4965609908103943, 0.6229045391082764, 0.7345010042190552, 0.841213047504425, 0.8668454885482788, 0.8824624419212341, 0.8861750364303589, 0.8746175169944763, 0.8744544386863708, 0.8865609765052795, 0.8807545900344849, 0.8925875425338745, 0.8876965641975403, 0.8917840719223022, 0.8884044885635376, 0.889891505241394, 0.8955039978027344, 0.899476945400238, 0.8984270691871643, 0.9017506241798401, 0.900393545627594, 0.9004935026168823, 0.9037855267524719, 0.9035489559173584, 0.9059930443763733, 0.9048484563827515, 0.9060870409011841, 0.9119349718093872, 0.912305474281311, 0.912120521068573, 0.910241961479187, 0.9063460230827332, 0.9103045463562012, 0.9144080281257629, 0.9152509570121765, 0.9095325469970703, 0.9116334915161133, 0.9100959300994873, 0.9122650623321533], "val_auc_1": [0.4906759560108185, 0.47830262780189514, 0.5576788783073425, 0.6614600419998169, 0.7921731472015381, 0.8300150036811829, 0.8558192253112793, 0.8592041730880737, 0.8432623147964478, 0.842749834060669, 0.8579139113426208, 0.85085129737854, 0.8664548993110657, 0.8592866063117981, 0.864733099937439, 0.8617415428161621, 0.8646315336227417, 0.8678700923919678, 0.8720356822013855, 0.8730311393737793, 0.8775061368942261, 0.8767168521881104, 0.874289870262146, 0.8789180517196655, 0.8817014694213867, 0.8809195756912231, 0.8801109790802002, 0.8805736303329468, 0.8871580362319946, 0.8881027102470398, 0.8875992298126221, 0.8858695030212402, 0.8807932138442993, 0.8873957395553589, 0.8902429342269897, 0.889549195766449, 0.886477530002594, 0.8900567293167114, 0.8881338834762573, 0.8902488946914673], "val_precision": [0.30188679695129395, 0.28787878155708313, 0.5057034492492676, 0.6897746920585632, 0.7599611282348633, 0.7944785356521606, 0.7697076797485352, 0.7651063799858093, 0.7938855886459351, 0.7955690026283264, 0.7893756031990051, 0.8036622405052185, 0.7633779048919678, 0.7970873713493347, 0.7841726541519165, 0.7929050922393799, 0.790960431098938, 0.7790393233299255, 0.7878521084785461, 0.8014638423919678, 0.8040854334831238, 0.8041236996650696, 0.7888692617416382, 0.8033241033554077, 0.8130393028259277, 0.8012589812278748, 0.8133333325386047, 0.7978436946868896, 0.7919174432754517, 0.7980769276618958, 0.7965368032455444, 0.8083182573318481, 0.8250496983528137, 0.814084529876709, 0.8012259006500244, 0.7788861393928528, 0.8232468962669373, 0.8177525997161865, 0.8318135738372803, 0.8191288113594055],