{"loss": [7.516022742493078e-05], "accuracy": [0.7357142567634583], "auc": [0.814064085483551], "auc_1": [0.8011118173599243], "precision": [0.7224919199943542], "recall": [0.7654285430908203], "val_loss": [0.37297970056533813], "val_accuracy": [0.8460000157356262], "val_auc": [0.9336985349655151], "val_auc_1": [0.9183967113494873], "val_precision": [0.7864238619804382], "val_recall": [0.949999988079071]}