{"loss": [0.00013704794400837272, 0.00010973604366881773, 9.320450772065669e-05, 8.256898581748828e-05, 7.36587171559222e-05], "accuracy": [0.7227500081062317, 0.7944999933242798, 0.831250011920929, 0.8544999957084656, 0.8755000233650208], "auc": [0.7966382503509521, 0.8764582872390747, 0.9139884114265442, 0.9350675344467163, 0.9501734375953674], "auc_1": [0.774647057056427, 0.86197429895401, 0.9060909152030945, 0.9308394193649292, 0.9468843936920166], "precision": [0.7132599353790283, 0.7802093029022217, 0.8156265020370483, 0.8369771838188171, 0.8586437702178955], "recall": [0.7450000047683716, 0.8199999928474426, 0.8560000061988831, 0.8805000185966492, 0.8989999890327454], "val_loss": [0.37862828373908997, 0.3626250624656677, 0.2966211438179016, 0.30218663811683655, 0.3789610266685486], "val_accuracy": [0.847000002861023, 0.8320000171661377, 0.8970000147819519, 0.8899999856948853, 0.8195000290870667], "val_auc": [0.9434879422187805, 0.9597870111465454, 0.9634835124015808, 0.9586459398269653, 0.9543876051902771], "val_auc_1": [0.9295734167098999, 0.9497746229171753, 0.9543543457984924, 0.9463621377944946, 0.9399027228355408], "val_precision": [0.7807443141937256, 0.75, 0.9034552574157715, 0.9105263352394104, 0.9443671703338623], "val_recall": [0.9649999737739563, 0.9959999918937683, 0.8889999985694885, 0.8650000095367432, 0.6790000200271606]}