{"loss": [0.00016944932576734573, 0.0001599564857315272, 0.00015523952606599778, 0.0001502044324297458, 0.00014667160576209426], "accuracy": [0.5695000290870667, 0.675000011920929, 0.6942499876022339, 0.7272499799728394, 0.7325000166893005], "auc": [0.6082935333251953, 0.7380980849266052, 0.7672578692436218, 0.7965073585510254, 0.8159646391868591], "auc_1": [0.5775581002235413, 0.6899139881134033, 0.7257040143013, 0.7511979341506958, 0.783470869064331], "precision": [0.5447809100151062, 0.6230661273002625, 0.6385026574134827, 0.6704161763191223, 0.6735074520111084], "recall": [0.8454999923706055, 0.8859999775886536, 0.8955000042915344, 0.8939999938011169, 0.9024999737739563], "val_loss": [0.6306436061859131, 0.7328370809555054, 0.6349192261695862, 0.6322588920593262, 0.5176645517349243], "val_accuracy": [0.6184999942779541, 0.5740000009536743, 0.6359999775886536, 0.6495000123977661, 0.7990000247955322], "val_auc": [0.8547740578651428, 0.7881659865379333, 0.8549304604530334, 0.8626299500465393, 0.8991445302963257], "val_auc_1": [0.7966176867485046, 0.7205021381378174, 0.7885613441467285, 0.7993719577789307, 0.8440214395523071], "val_precision": [0.5672149658203125, 0.53995680809021, 0.5787037014961243, 0.5878894925117493, 0.7144906520843506], "val_recall": [1.0, 1.0, 1.0, 1.0, 0.9959999918937683]}