{"loss": [0.00015393123612739146, 0.00014298161840997636, 0.00013592897448688745, 0.00012960816093254834, 0.00012280611554160714], "accuracy": [0.5557500123977661, 0.6682500243186951, 0.7099999785423279, 0.7419999837875366, 0.7549999952316284], "auc": [0.6662157773971558, 0.7925233840942383, 0.8164362907409668, 0.8414751887321472, 0.8647329211235046], "auc_1": [0.6234045028686523, 0.7501950263977051, 0.7785114645957947, 0.7993063926696777, 0.8292732834815979], "precision": [0.5299328565597534, 0.6045355796813965, 0.638248860836029, 0.6646258234977722, 0.6764705777168274], "recall": [0.9869999885559082, 0.9729999899864197, 0.9695000052452087, 0.9769999980926514, 0.9775000214576721], "val_loss": [0.5579681396484375, 0.7232177257537842, 0.4913773238658905, 0.5062314867973328, 0.4582785665988922], "val_accuracy": [0.7434999942779541, 0.5745000243186951, 0.7674999833106995, 0.7509999871253967, 0.7680000066757202], "val_auc": [0.9041585326194763, 0.8874729871749878, 0.9273024797439575, 0.9305750131607056, 0.938916027545929], "val_auc_1": [0.8808065056800842, 0.8482790589332581, 0.9070363640785217, 0.9070839881896973, 0.9166806936264038], "val_precision": [0.6622251868247986, 0.5402485132217407, 0.6835964322090149, 0.6675567626953125, 0.6830601096153259], "val_recall": [0.9940000176429749, 1.0, 0.9959999918937683, 1.0, 1.0]}