{"loss": [0.00017379886412527412, 0.00017311022384092212, 0.00017319490143563598, 0.0001729020441416651, 0.00017270224634557962], "accuracy": [0.4962500035762787, 0.5082499980926514, 0.5024999976158142, 0.5, 0.5], "auc": [0.4971201419830322, 0.5059563517570496, 0.4792390465736389, 0.5166991353034973, 0.4876357614994049], "auc_1": [0.5033214688301086, 0.509152889251709, 0.48389101028442383, 0.5204290747642517, 0.4948391020298004], "precision": [0.481389582157135, 0.6012269854545593, 0.625, 0.0, 0.0], "recall": [0.09700000286102295, 0.04899999871850014, 0.012500000186264515, 0.0, 0.0], "val_loss": [0.6931915879249573, 0.6981990337371826, 0.6950017213821411, 0.704112708568573, 0.6999207735061646], "val_accuracy": [0.39800000190734863, 0.5, 0.5, 0.5, 0.5], "val_auc": [0.4776085317134857, 0.41639649868011475, 0.48083096742630005, 0.3315039873123169, 0.3748004734516144], "val_auc_1": [0.47477591037750244, 0.41640427708625793, 0.4480403959751129, 0.3829619586467743, 0.40581053495407104], "val_precision": [0.22580644488334656, 0.0, 0.0, 0.0, 0.0], "val_recall": [0.08399999886751175, 0.0, 0.0, 0.0, 0.0]}