{"loss": [0.00017492796177975833, 0.0001735755504341796, 0.00017223328177351505, 0.00017084671708289534, 0.00016864575445652008], "accuracy": [0.500249981880188, 0.5264999866485596, 0.5550000071525574, 0.5755000114440918, 0.6215000152587891], "auc": [0.5098651647567749, 0.5374987721443176, 0.5828074216842651, 0.6205238103866577, 0.6758294105529785], "auc_1": [0.5124836564064026, 0.5230706930160522, 0.5612649917602539, 0.5961147546768188, 0.6465505957603455], "precision": [0.5001561045646667, 0.5214574933052063, 0.5407407283782959, 0.5564696788787842, 0.5969672799110413], "recall": [0.8009999990463257, 0.6439999938011169, 0.7300000190734863, 0.7440000176429749, 0.7480000257492065], "val_loss": [0.6896283626556396, 0.6839003562927246, 0.6694276332855225, 0.6731060147285461, 0.6539163589477539], "val_accuracy": [0.4830000102519989, 0.5950000286102295, 0.6284999847412109, 0.5605000257492065, 0.7149999737739563], "val_auc": [0.5647720098495483, 0.6064994931221008, 0.6740750074386597, 0.7322955131530762, 0.7775405645370483], "val_auc_1": [0.5073323249816895, 0.5376253128051758, 0.6118534803390503, 0.6536243557929993, 0.7010831236839294], "val_precision": [0.4543010890483856, 0.5648906826972961, 0.6114484071731567, 0.5322666764259338, 0.6692913174629211], "val_recall": [0.16899999976158142, 0.8270000219345093, 0.7049999833106995, 0.9980000257492065, 0.8500000238418579]}