{"loss": [0.00017212438979186118, 0.00017164682503789663, 0.000170930361491628, 0.00016984228568617254, 0.0001679855486145243], "accuracy": [0.5017499923706055, 0.5074999928474426, 0.5174999833106995, 0.5242499709129333, 0.5494999885559082], "auc": [0.5063616633415222, 0.5285593271255493, 0.5455417633056641, 0.5969290137290955, 0.6341080069541931], "auc_1": [0.508886992931366, 0.5263165831565857, 0.5543136596679688, 0.5932497382164001, 0.623909592628479], "precision": [0.5284552574157715, 0.5773195624351501, 0.6335877776145935, 0.7029288411140442, 0.6601941585540771], "recall": [0.032499998807907104, 0.0560000017285347, 0.08299999684095383, 0.08399999886751175, 0.20399999618530273], "val_loss": [0.6966618299484253, 0.7007800936698914, 0.6915492415428162, 0.6933157444000244, 0.6990042328834534], "val_accuracy": [0.5, 0.5, 0.4984999895095825, 0.49950000643730164, 0.5], "val_auc": [0.5172989964485168, 0.5636894702911377, 0.6077535152435303, 0.6751595139503479, 0.7523094415664673], "val_auc_1": [0.47166332602500916, 0.49987027049064636, 0.5604659914970398, 0.6239269971847534, 0.7071133255958557], "val_precision": [0.0, 0.0, 0.20000000298023224, 0.0, 0.0], "val_recall": [0.0, 0.0, 0.0010000000474974513, 0.0, 0.0]}