{"loss": [0.00017801806097850204, 0.0001741409214446321, 0.00017400422075297683, 0.0001742980966810137, 0.00017143218428827822], "accuracy": [0.5012500286102295, 0.5289999842643738, 0.5444999933242798, 0.515999972820282, 0.5534999966621399], "auc": [0.4872525930404663, 0.534394383430481, 0.554121196269989, 0.5226407647132874, 0.5695538520812988], "auc_1": [0.48937878012657166, 0.5134187340736389, 0.532856285572052, 0.5174870491027832, 0.5537666082382202], "precision": [0.5012333393096924, 0.5299896597862244, 0.5411275625228882, 0.5157790780067444, 0.5569754838943481], "recall": [0.5080000162124634, 0.512499988079071, 0.5855000019073486, 0.5230000019073486, 0.5230000019073486], "val_loss": [0.7330735921859741, 0.7037646770477295, 0.7055902481079102, 0.7025125026702881, 0.688335120677948], "val_accuracy": [0.512499988079071, 0.5440000295639038, 0.5425000190734863, 0.49799999594688416, 0.5120000243186951], "val_auc": [0.41983604431152344, 0.45782849192619324, 0.4340595006942749, 0.5490520000457764, 0.5738420486450195], "val_auc_1": [0.41620004177093506, 0.4335964322090149, 0.4225980341434479, 0.494240403175354, 0.5250225067138672], "val_precision": [0.5063548684120178, 0.5236304998397827, 0.5229605436325073, 0.0, 0.5410959124565125], "val_recall": [0.9959999918937683, 0.9750000238418579, 0.9679999947547913, 0.0, 0.15800000727176666]}