{"loss": [0.0001758929865900427, 0.00017231228412128985, 0.00017149666382465512, 0.0001704362075543031, 0.00017002230742946267], "accuracy": [0.4970000088214874, 0.5024999976158142, 0.512499988079071, 0.5487499833106995, 0.5404999852180481], "auc": [0.4940682649612427, 0.5078481435775757, 0.5437439680099487, 0.5812680125236511, 0.5757108926773071], "auc_1": [0.497650146484375, 0.49518755078315735, 0.5295178294181824, 0.5543463230133057, 0.5549526810646057], "precision": [0.4952755868434906, 0.503496527671814, 0.5178062915802002, 0.5569842457771301, 0.5520565509796143], "recall": [0.31450000405311584, 0.36000001430511475, 0.3634999990463257, 0.476500004529953, 0.429500013589859], "val_loss": [0.706521213054657, 0.7137047648429871, 0.6860647797584534, 0.7125402688980103, 0.686344563961029], "val_accuracy": [0.49050000309944153, 0.4984999895095825, 0.5720000267028809, 0.4869999885559082, 0.4909999966621399], "val_auc": [0.4518519937992096, 0.5195335149765015, 0.568772554397583, 0.5457345247268677, 0.5846549868583679], "val_auc_1": [0.4378340244293213, 0.47841793298721313, 0.5124558210372925, 0.4955952763557434, 0.5243387222290039], "val_precision": [0.0476190485060215, 0.0, 0.5590164065361023, 0.36734694242477417, 0.4765625], "val_recall": [0.0010000000474974513, 0.0, 0.6819999814033508, 0.035999998450279236, 0.18299999833106995]}