{"loss": [0.0001736801496008411, 0.00017327973910141736, 0.000171606385265477, 0.00016947068797890097, 0.00016604072879999876], "accuracy": [0.5047500133514404, 0.5304999947547913, 0.5665000081062317, 0.6057500243186951, 0.6955000162124634], "auc": [0.5126150250434875, 0.5434206128120422, 0.619766116142273, 0.6561046242713928, 0.7796705961227417], "auc_1": [0.509208619594574, 0.5444930195808411, 0.5850117802619934, 0.6320275664329529, 0.7449331879615784], "precision": [0.5044289231300354, 0.5331882238388062, 0.5854755640029907, 0.6079632639884949, 0.7260115742683411], "recall": [0.5410000085830688, 0.49000000953674316, 0.4555000066757202, 0.5954999923706055, 0.628000020980835], "val_loss": [0.710070788860321, 0.6876963376998901, 0.6780279278755188, 0.6535608768463135, 0.6248067617416382], "val_accuracy": [0.5, 0.5074999928474426, 0.6184999942779541, 0.6004999876022339, 0.7129999995231628], "val_auc": [0.5433689951896667, 0.6314644813537598, 0.6421175003051758, 0.8524845242500305, 0.8846229314804077], "val_auc_1": [0.48015516996383667, 0.5794191360473633, 0.5857275724411011, 0.8091132640838623, 0.8485230207443237], "val_precision": [0.0, 0.5663716793060303, 0.5822345614433289, 0.8551236987113953, 0.8610169291496277], "val_recall": [0.0, 0.06400000303983688, 0.8389999866485596, 0.24199999868869781, 0.5080000162124634]}