{"acc": 0.855, "precision": 0.7835463258785943, "recall": 0.981, "neg_recall": 0.729, "f1_score": 0.8712255772646537, "auc": 0.9423179999999999}