{"loss": [1.0173624753952026, 0.6192132830619812, 0.4561154842376709, 0.3571179211139679, 0.27002111077308655, 0.21084928512573242, 0.16860398650169373, 0.13953010737895966, 0.11010655015707016, 0.09155095368623734, 0.07541695982217789, 0.062027279287576675, 0.053587742149829865, 0.046777527779340744, 0.03786763921380043, 0.03157063573598862, 0.029140010476112366, 0.022645728662610054, 0.021459314972162247, 0.018202614039182663, 0.018043270334601402, 0.013117250986397266, 0.012744135223329067, 0.013295662589371204, 0.009461791254580021, 0.007344534620642662, 0.006774716079235077, 0.00639181025326252, 0.0059372843243181705, 0.00557634886354208, 0.004557877779006958, 0.003638736205175519, 0.003810643684118986, 0.002807308454066515, 0.002791422186419368, 0.0032922057434916496, 0.002757755108177662, 0.002145291306078434, 0.0021895356476306915, 0.0023366366513073444], "accuracy": [0.6485714316368103, 0.7567142844200134, 0.8104285597801208, 0.852571427822113, 0.8889999985694885, 0.9204285740852356, 0.9372857213020325, 0.9532856941223145, 0.9674285650253296, 0.9787142872810364, 0.9827142953872681, 0.9888571500778198, 0.9918571710586548, 0.9938571453094482, 0.9961428642272949, 0.996999979019165, 0.9971428513526917, 0.998285710811615, 0.9988571405410767, 0.99871426820755, 0.99871426820755, 0.9994285702705383, 0.9991428852081299, 0.9991428852081299, 0.9995714426040649, 1.0, 1.0, 0.9997143149375916, 1.0, 0.9997143149375916, 0.9997143149375916, 1.0, 1.0, 1.0, 1.0, 0.9998571276664734, 1.0, 1.0, 1.0, 0.9998571276664734], "auc": [0.7002928256988525, 0.8334426283836365, 0.8922930359840393, 0.9263803362846375, 0.9555103778839111, 0.9733613729476929, 0.9844953417778015, 0.9907294511795044, 0.9955003261566162, 0.9972426295280457, 0.9988193511962891, 0.99932461977005, 0.9994949698448181, 0.999661922454834, 0.9998882412910461, 0.9999774098396301, 0.9999553561210632, 0.999990701675415, 0.9999762177467346, 0.9999886155128479, 0.9999826550483704, 0.9999982118606567, 0.9999909400939941, 0.9999964237213135, 0.9999995827674866, 1.0, 0.9999999403953552, 0.9999997615814209, 0.9999999403953552, 0.9999999403953552, 0.9999999403953552, 0.9999999403953552, 0.9999998807907104, 0.9999999403953552, 1.0, 0.9999997615814209, 0.9999999403953552, 0.9999999403953552, 1.0, 0.9999998807907104], "auc_1": [0.6831075549125671, 0.821500301361084, 0.8840428590774536, 0.9198558330535889, 0.9522784948348999, 0.9718679785728455, 0.9838432669639587, 0.9899903535842896, 0.995496928691864, 0.9971065521240234, 0.9987915754318237, 0.9993103742599487, 0.9994921684265137, 0.9996664524078369, 0.9998921155929565, 0.9999774098396301, 0.9999556541442871, 0.999990701675415, 0.9999769330024719, 0.9999887347221375, 0.9999825358390808, 0.9999982714653015, 0.9999911785125732, 0.9999964833259583, 0.9999996423721313, 1.0, 1.0, 0.9999998807907104, 1.0, 0.9999998807907104, 1.0, 1.0, 1.0, 1.0, 0.9999999403953552, 0.9999997615814209, 1.0, 0.9999999403953552, 1.0, 1.0], "precision": [0.6525821685791016, 0.7560558319091797, 0.8087524771690369, 0.8535816669464111, 0.8862411379814148, 0.9146238565444946, 0.9324668049812317, 0.9477843642234802, 0.9674285650253296, 0.9758591055870056, 0.9806543588638306, 0.9855278134346008, 0.9911555051803589, 0.9942808151245117, 0.996001124382019, 0.9968580603599548, 0.9971428513526917, 0.998285710811615, 0.9991423487663269, 0.9985718131065369, 0.9991421103477478, 0.9991433620452881, 0.9988577961921692, 0.9988577961921692, 0.999714195728302, 1.0, 1.0, 0.9997143149375916, 1.0, 0.9997143149375916, 0.9994288682937622, 1.0, 1.0, 1.0, 1.0, 1.0, 1.0, 1.0, 1.0, 0.9997143745422363], "recall": [0.6354285478591919, 0.7580000162124634, 0.8131428360939026, 0.8511428833007812, 0.8925714492797852, 0.9274285435676575, 0.9428571462631226, 0.9594285488128662, 0.9674285650253296, 0.9817143082618713, 0.9848571419715881, 0.9922857284545898, 0.9925714135169983, 0.9934285879135132, 0.9962857365608215, 0.9971428513526917, 0.9971428513526917, 0.998285710811615, 0.9985714554786682, 0.9988571405410767, 0.998285710811615, 0.9997143149375916, 0.9994285702705383, 0.9994285702705383, 0.9994285702705383, 1.0, 1.0, 0.9997143149375916, 1.0, 0.9997143149375916, 1.0, 1.0, 1.0, 1.0, 1.0, 0.9997143149375916, 1.0, 1.0, 1.0, 1.0], "val_loss": [3.7217581272125244, 0.5316213965415955, 0.4557800590991974, 0.4556138515472412, 0.4245179295539856, 0.4147772192955017, 0.4071001410484314, 0.4143679738044739, 0.42354682087898254, 0.40827658772468567, 0.398113489151001, 0.39323821663856506, 0.4194995164871216, 0.40876421332359314, 0.3818548321723938, 0.4165479242801666, 0.4366567134857178, 0.42098864912986755, 0.3927469849586487, 0.42270293831825256, 0.40118691325187683, 0.3850885331630707, 0.4031447470188141, 0.3854409158229828, 0.38618215918540955, 0.3929511308670044, 0.39829960465431213, 0.39950060844421387, 0.40400204062461853, 0.39779460430145264, 0.39842653274536133, 0.4055905342102051, 0.398817777633667, 0.412244588136673, 0.4070168435573578, 0.3950137794017792, 0.42166849970817566, 0.42642828822135925, 0.42439430952072144, 0.42228469252586365], "val_accuracy": [0.5005000233650208, 0.784500002861023, 0.8144999742507935, 0.8274999856948853, 0.8295000195503235, 0.8295000195503235, 0.8395000100135803, 0.8379999995231628, 0.8420000076293945, 0.8429999947547913, 0.8485000133514404, 0.8514999747276306, 0.8500000238418579, 0.8485000133514404, 0.8569999933242798, 0.8360000252723694, 0.8525000214576721, 0.8600000143051147, 0.8634999990463257, 0.847000002861023, 0.8560000061988831, 0.8654999732971191, 0.8679999709129333, 0.8634999990463257, 0.8654999732971191, 0.8665000200271606, 0.8669999837875366, 0.8669999837875366, 0.8575000166893005, 0.8659999966621399, 0.8669999837875366, 0.8690000176429749, 0.8679999709129333, 0.8709999918937683, 0.8665000200271606, 0.8730000257492065, 0.8650000095367432, 0.8665000200271606, 0.8640000224113464, 0.8694999814033508], "val_auc": [0.5138140916824341, 0.8658019304275513, 0.8994570374488831, 0.9110005497932434, 0.905908465385437, 0.9101250171661377, 0.9139025211334229, 0.9141309857368469, 0.917780876159668, 0.9222089648246765, 0.9207554459571838, 0.9226090312004089, 0.9245894551277161, 0.9289703965187073, 0.9302794933319092, 0.9227895140647888, 0.9322223663330078, 0.9350045323371887, 0.9343799948692322, 0.9288605451583862, 0.928723931312561, 0.9345264434814453, 0.9404130578041077, 0.9340179562568665, 0.9369284510612488, 0.9390409588813782, 0.9358465075492859, 0.9406424164772034, 0.9342479705810547, 0.9380584955215454, 0.9385230541229248, 0.938364565372467, 0.940230131149292, 0.9412469863891602, 0.938086986541748, 0.9427945017814636, 0.9410385489463806, 0.9392030239105225, 0.9380974769592285, 0.9397339820861816], "val_auc_1": [0.5089846849441528, 0.8526726365089417, 0.8889064192771912, 0.9009479284286499, 0.8937835097312927, 0.8983919620513916, 0.904956579208374, 0.9007291793823242, 0.9049475193023682, 0.9114611148834229, 0.9089646935462952, 0.9118732213973999, 0.9107605814933777, 0.916368305683136, 0.9187756180763245, 0.9147374629974365, 0.9186549782752991, 0.9196429252624512, 0.920533299446106, 0.9209697246551514, 0.9190790057182312, 0.924428403377533, 0.9270917177200317, 0.9203884601593018, 0.9254146218299866, 0.9252955317497253, 0.923072338104248, 0.9288013577461243, 0.9247776865959167, 0.9300521016120911, 0.9255421161651611, 0.9257677793502808, 0.9303944110870361, 0.9251015782356262, 0.9294592142105103, 0.9324657320976257, 0.9228918552398682, 0.9227052330970764, 0.9310078620910645, 0.9214333295822144],