{"loss": [1.207116723060608, 0.8420283794403076, 0.6523839235305786, 0.5561031103134155, 0.4537416994571686, 0.37465834617614746, 0.3178248703479767, 0.26169365644454956, 0.22696752846240997, 0.19243814051151276, 0.15589067339897156, 0.1375420093536377, 0.11999817192554474, 0.09984654188156128, 0.08403843641281128, 0.07756775617599487, 0.06719157099723816, 0.05654434487223625, 0.052516888827085495, 0.0473945215344429], "accuracy": [0.5631428360939026, 0.6367142796516418, 0.7070000171661377, 0.7360000014305115, 0.7921428680419922, 0.8302857279777527, 0.8645714521408081, 0.8891428709030151, 0.9101428389549255, 0.9300000071525574, 0.9511428475379944, 0.9582856893539429, 0.9665714502334595, 0.9755714535713196, 0.9807142615318298, 0.9821428656578064, 0.9842857122421265, 0.9907143115997314, 0.9898571372032166, 0.9912857413291931], "auc": [0.5825143456459045, 0.6978852152824402, 0.7810997366905212, 0.8235815763473511, 0.8755069375038147, 0.9130330681800842, 0.9384056329727173, 0.960249662399292, 0.9717180728912354, 0.9812077879905701, 0.990287184715271, 0.9925496578216553, 0.9948013424873352, 0.9966229796409607, 0.9984105229377747, 0.9984754323959351, 0.9990829229354858, 0.9995314478874207, 0.9993065595626831, 0.9995977878570557], "auc_1": [0.5663036704063416, 0.6862717866897583, 0.7768251895904541, 0.8228185176849365, 0.8752685785293579, 0.9141831398010254, 0.9371585845947266, 0.9602617025375366, 0.9708932638168335, 0.9813348054885864, 0.9901944398880005, 0.9929057359695435, 0.9949042797088623, 0.9966974258422852, 0.998438835144043, 0.9985593557357788, 0.9991053342819214, 0.9995485544204712, 0.9993035197257996, 0.9996017813682556], "precision": [0.5622886419296265, 0.6361308693885803, 0.7040270566940308, 0.7330699563026428, 0.7927283048629761, 0.8269230723381042, 0.8629124164581299, 0.8902578949928284, 0.9074652194976807, 0.9317269325256348, 0.9478161931037903, 0.9577625393867493, 0.96925288438797, 0.9743516445159912, 0.9819536209106445, 0.9831090569496155, 0.9848397970199585, 0.991416335105896, 0.9897172451019287, 0.9914261102676392], "recall": [0.5699999928474426, 0.6388571262359619, 0.7142857313156128, 0.7422857284545898, 0.7911428809165955, 0.8354285955429077, 0.8668571710586548, 0.8877142667770386, 0.913428544998169, 0.9279999732971191, 0.9548571705818176, 0.9588571190834045, 0.9637143015861511, 0.9768571257591248, 0.9794285893440247, 0.9811428785324097, 0.9837142825126648, 0.9900000095367432, 0.9900000095367432, 0.9911428689956665], "val_loss": [0.8394865989685059, 1.0099196434020996, 0.8512402176856995, 0.8526550531387329, 1.022821307182312, 0.8072227239608765, 0.7414121627807617, 0.805341362953186, 0.9183850288391113, 0.9178285002708435, 0.6512513160705566, 0.7036339640617371, 0.8252729773521423, 0.828948438167572, 0.7424631118774414, 0.8726401329040527, 0.8824512958526611, 0.5896028280258179, 0.7239989638328552, 0.6753936409950256], "val_accuracy": [0.6639999747276306, 0.6055999994277954, 0.6416000127792358, 0.6471999883651733, 0.6047999858856201, 0.6751999855041504, 0.6855999827384949, 0.6679999828338623, 0.6335999965667725, 0.6312000155448914, 0.7343999743461609, 0.7128000259399414, 0.6728000044822693, 0.6776000261306763, 0.7160000205039978, 0.6664000153541565, 0.671999990940094, 0.769599974155426, 0.7232000231742859, 0.7512000203132629], "val_auc": [0.6413419842720032, 0.7341299057006836, 0.7258719801902771, 0.7368639707565308, 0.7561839818954468, 0.7623939514160156, 0.7459779977798462, 0.7640160322189331, 0.7528380155563354, 0.7702160477638245, 0.7659860849380493, 0.7882659435272217, 0.776710033416748, 0.7914320826530457, 0.7859001159667969, 0.7938640117645264, 0.8100759387016296, 0.7999299764633179, 0.78712397813797, 0.8028879761695862], "val_auc_1": [0.2900526821613312, 0.399728387594223, 0.37971174716949463, 0.4052199721336365, 0.43927183747291565, 0.44488728046417236, 0.42053693532943726, 0.45989370346069336, 0.42755016684532166, 0.4699041247367859, 0.4651281237602234, 0.5099719166755676, 0.48741310834884644, 0.5081615447998047, 0.5131860971450806, 0.5062687397003174, 0.5455403923988342, 0.5551635026931763, 0.5251380205154419, 0.5535517930984497], "val_precision": [0.28535354137420654, 0.3110419809818268, 0.3180147111415863, 0.33037298917770386, 0.3134556710720062, 0.3544776141643524, 0.3513513505458832, 0.3480663001537323, 0.32894736528396606, 0.3238731324672699, 0.393782377243042, 0.3852631449699402, 0.3525046408176422, 0.3616636395454407, 0.3885350227355957, 0.3537653386592865, 0.3601398468017578, 0.448924720287323, 0.39519649744033813, 0.4282352924346924], "val_recall": [0.4519999921321869, 0.800000011920929, 0.6919999718666077, 0.7440000176429749, 0.8199999928474426, 0.7599999904632568, 0.6759999990463257, 0.7559999823570251, 0.800000011920929, 0.7760000228881836, 0.6079999804496765, 0.7319999933242798, 0.7599999904632568, 0.800000011920929, 0.7319999933242798, 0.8080000281333923, 0.8240000009536743, 0.6679999828338623, 0.7239999771118164, 0.7279999852180481]}