{"loss": [0.6902526617050171, 0.28265389800071716, 0.13197825849056244, 0.06266705691814423, 0.04131057485938072, 0.03948628157377243, 0.03266734257340431, 0.04207663610577583, 0.03849959373474121, 0.02821248769760132, 0.03652087226510048, 0.03801959753036499, 0.018764620646834373, 0.028320303186774254, 0.03335181623697281, 0.023086726665496826, 0.01767820306122303, 0.015846742317080498, 0.024185271933674812, 0.0257965549826622], "accuracy": [0.7652778029441833, 0.8912500143051147, 0.9505555629730225, 0.976805567741394, 0.9833333492279053, 0.9862499833106995, 0.988611102104187, 0.9840278029441833, 0.9862499833106995, 0.9902777671813965, 0.9879166483879089, 0.9887499809265137, 0.9933333396911621, 0.9902777671813965, 0.9890277981758118, 0.9923611283302307, 0.9940277934074402, 0.9941666722297668, 0.9920833110809326, 0.9925000071525574], "auc": [0.845489501953125, 0.9585302472114563, 0.9888589978218079, 0.9972237348556519, 0.9990044832229614, 0.9988176226615906, 0.9992265701293945, 0.9985010027885437, 0.9984339475631714, 0.9991782307624817, 0.9980751872062683, 0.9978731870651245, 0.9993933439254761, 0.9988625049591064, 0.9983388185501099, 0.9993599653244019, 0.9991830587387085, 0.9993390440940857, 0.9992209076881409, 0.9986725449562073], "auc_1": [0.8344930410385132, 0.9553838968276978, 0.988000750541687, 0.997185230255127, 0.9990422129631042, 0.9987221956253052, 0.9990714192390442, 0.9983083009719849, 0.9977201819419861, 0.9989320039749146, 0.9971932768821716, 0.9976785778999329, 0.9991602301597595, 0.9987985491752625, 0.9980444312095642, 0.9993302822113037, 0.9988628029823303, 0.9991621971130371, 0.9994472861289978, 0.9985194206237793], "precision": [0.7649833559989929, 0.8907073736190796, 0.9528196454048157, 0.9777345061302185, 0.9838709831237793, 0.985845148563385, 0.9877980947494507, 0.9841622710227966, 0.9847687482833862, 0.9908231496810913, 0.9877811670303345, 0.9880720973014832, 0.9944320917129517, 0.9905502796173096, 0.9888919591903687, 0.992224395275116, 0.9941650629043579, 0.9947163462638855, 0.9919466972351074, 0.9925000071525574], "recall": [0.76583331823349, 0.8919444680213928, 0.9480555653572083, 0.9758333563804626, 0.9827777743339539, 0.9866666793823242, 0.9894444346427917, 0.9838888645172119, 0.9877777695655823, 0.9897222518920898, 0.9880555272102356, 0.9894444346427917, 0.992222249507904, 0.9900000095367432, 0.9891666769981384, 0.9925000071525574, 0.9938889145851135, 0.9936110973358154, 0.992222249507904, 0.9925000071525574], "val_loss": [0.4787497818470001, 0.3348049819469452, 0.3035355508327484, 0.24271725118160248, 0.2493543177843094, 0.2640456259250641, 0.27955102920532227, 0.5129481554031372, 0.349851131439209, 0.20059439539909363, 0.22411392629146576, 0.20627139508724213, 0.22334201633930206, 0.25683513283729553, 0.2182440459728241, 0.230829656124115, 0.26936835050582886, 0.22691822052001953, 0.4778473377227783, 0.20432566106319427], "val_accuracy": [0.8272222280502319, 0.8816666603088379, 0.8911111354827881, 0.9161111116409302, 0.92166668176651, 0.9188888669013977, 0.925000011920929, 0.8899999856948853, 0.9238888621330261, 0.9399999976158142, 0.9427777528762817, 0.9433333277702332, 0.9449999928474426, 0.9449999928474426, 0.9461110830307007, 0.9505555629730225, 0.9433333277702332, 0.9483333230018616, 0.9277777671813965, 0.9572222232818604], "val_auc": [0.9131247401237488, 0.9519758820533752, 0.9651079773902893, 0.9718752503395081, 0.9710439443588257, 0.9740802049636841, 0.9738611578941345, 0.959526538848877, 0.9694845676422119, 0.9829797744750977, 0.9801505208015442, 0.9842252731323242, 0.9807432889938354, 0.9769747257232666, 0.9807042479515076, 0.9798833131790161, 0.9754728078842163, 0.9807229042053223, 0.963914155960083, 0.9843432307243347], "val_auc_1": [0.9095330834388733, 0.9472170472145081, 0.9674932360649109, 0.9699814915657043, 0.972347617149353, 0.9677973389625549, 0.9762882590293884, 0.9310536980628967, 0.9758754372596741, 0.97904372215271, 0.9796544313430786, 0.9771528244018555, 0.9757353663444519, 0.9728909134864807, 0.9778039455413818, 0.9701114892959595, 0.9622600078582764, 0.9685130715370178, 0.9720897674560547, 0.9799507856369019], "val_precision": [0.8819714784622192, 0.865037202835083, 0.9378109574317932, 0.9083969593048096, 0.9317406415939331, 0.8993644118309021, 0.9670329689979553, 0.824999988079071, 0.975093424320221, 0.9212765693664551, 0.9628339409828186, 0.9235668778419495, 0.9464883208274841, 0.9474860429763794, 0.9407244920730591, 0.9355531930923462, 0.9147608876228333, 0.9242902398109436, 0.9861111044883728, 0.9517014026641846], "val_recall": [0.7555555701255798, 0.9044444561004639, 0.8377777934074402, 0.9255555272102356, 0.9100000262260437, 0.9433333277702332, 0.8799999952316284, 0.9900000095367432, 0.8700000047683716, 0.9622222185134888, 0.9211111068725586, 0.9666666388511658, 0.9433333277702332, 0.9422222375869751, 0.9522222280502319, 0.9677777886390686, 0.9777777791023254, 0.9766666889190674, 0.8677777647972107, 0.9633333086967468]}