{"acc": 0.9175, "precision": 0.8964862298195632, "recall": 0.944, "neg_recall": 0.891, "f1_score": 0.9196298100340964, "auc": 0.9794025}