{"acc": 0.558, "precision": 0.7230769230769231, "recall": 0.188, "neg_recall": 0.928, "f1_score": 0.2984126984126984, "auc": 0.6811079999999999}