{"acc": 0.5315, "precision": 0.6521739130434783, "recall": 0.135, "neg_recall": 0.928, "f1_score": 0.22369511184755594, "auc": 0.636363}