{"acc": 0.5225, "precision": 0.6190476190476191, "recall": 0.117, "neg_recall": 0.928, "f1_score": 0.19680403700588733, "auc": 0.6295059999999999}