{"acc": 0.8955, "precision": 0.9229946524064171, "recall": 0.863, "neg_recall": 0.928, "f1_score": 0.8919896640826874, "auc": 0.9617505000000001}