{"acc": 0.9285, "precision": 0.9280719280719281, "recall": 0.929, "neg_recall": 0.928, "f1_score": 0.928535732133933, "auc": 0.982056}