{"acc": 0.528, "precision": 0.64, "recall": 0.128, "neg_recall": 0.928, "f1_score": 0.21333333333333335, "auc": 0.6413070000000001}