{"acc": 0.533, "precision": 0.6571428571428571, "recall": 0.138, "neg_recall": 0.928, "f1_score": 0.228099173553719, "auc": 0.630234}