{"loss": [0.803754448890686, 0.3921333849430084, 0.23602552711963654, 0.16464963555335999, 0.11460959911346436, 0.0691177248954773, 0.07797989249229431, 0.057812273502349854, 0.05800851434469223, 0.06262645125389099], "accuracy": [0.741428554058075, 0.8578571677207947, 0.9102857112884521, 0.9381428360939026, 0.9585714340209961, 0.9751428365707397, 0.9744285941123962, 0.9804285764694214, 0.9801428318023682, 0.9801428318023682], "auc": [0.8167875409126282, 0.9324240684509277, 0.9704709053039551, 0.984606921672821, 0.9920153617858887, 0.9962599873542786, 0.9954801797866821, 0.9968621134757996, 0.9969719052314758, 0.9966287016868591], "precision": [0.7407407164573669, 0.8585742712020874, 0.9102857112884521, 0.9385187029838562, 0.9590961337089539, 0.977324903011322, 0.9753793478012085, 0.9813913702964783, 0.9811050891876221, 0.9805547595024109], "recall": [0.7428571581840515, 0.8568571209907532, 0.9102857112884521, 0.9377142786979675, 0.9580000042915344, 0.9728571176528931, 0.9734285473823547, 0.9794285893440247, 0.9791428446769714, 0.9797142744064331], "val_loss": [0.46577179431915283, 0.4756484031677246, 0.4780154228210449, 0.35635560750961304, 0.27501562237739563, 0.2237730324268341, 0.27891767024993896, 0.21678870916366577, 0.24621358513832092, 0.2357054054737091], "val_accuracy": [0.8364999890327454, 0.8385000228881836, 0.8475000262260437, 0.887499988079071, 0.9194999933242798, 0.934499979019165, 0.9315000176429749, 0.9419999718666077, 0.9375, 0.9380000233650208], "val_auc": [0.9124209880828857, 0.9381714463233948, 0.9539774656295776, 0.9597670435905457, 0.9719454646110535, 0.9758740067481995, 0.9755510091781616, 0.9799704551696777, 0.9748279452323914, 0.978565514087677], "val_precision": [0.8189573287963867, 0.7861369252204895, 0.7800161242485046, 0.8432241082191467, 0.9420442581176758, 0.9597883820533752, 0.9595314264297485, 0.9376237392425537, 0.956204354763031, 0.961052656173706], "val_recall": [0.8640000224113464, 0.9300000071525574, 0.9679999947547913, 0.9520000219345093, 0.8939999938011169, 0.9070000052452087, 0.9010000228881836, 0.9470000267028809, 0.9169999957084656, 0.9129999876022339]}