{"acc": 0.8115, "precision": 0.7778768956289027, "recall": 0.872, "neg_recall": 0.751, "f1_score": 0.8222536539368221, "auc": 0.88742}