{"acc": 0.791, "precision": 0.7324281150159745, "recall": 0.917, "neg_recall": 0.665, "f1_score": 0.8143872113676733, "auc": 0.88742}