{"acc": 0.729, "precision": 0.7148217636022514, "recall": 0.762, "neg_recall": 0.696, "f1_score": 0.7376573088092933, "auc": 0.791404}