{"acc": 0.6935, "precision": 0.7440100882723834, "recall": 0.59, "neg_recall": 0.797, "f1_score": 0.6581148912437256, "auc": 0.7819299999999999}