{"acc": 0.653, "precision": 0.7311178247734139, "recall": 0.484, "neg_recall": 0.822, "f1_score": 0.5824308062575211, "auc": 0.764924}