{"loss": [4.289239883422852, 104.05992126464844, 39.77611541748047, 0.46627163887023926, 6.772158622741699, 5.235945224761963, 0.530231237411499, 0.9030554890632629, 0.37088170647621155, 0.5276966094970703], "accuracy": [0.5, 0.5, 0.5, 0.75, 0.75, 0.625, 0.75, 0.75, 0.75, 0.75], "auc": [0.34375, 0.5, 0.5, 0.875, 0.75, 0.625, 0.875, 0.875, 0.875, 0.875], "val_loss": [16.818374633789062, 27.352663040161133, 31.281644821166992, 2.4653513431549072, 34.216915130615234, 35.654964447021484, 140.31893920898438, 324.33154296875, 635.39111328125, 1162.1641845703125], "val_accuracy": [0.5, 0.5, 0.5, 0.5, 0.5, 0.5, 0.5, 0.5, 0.5, 0.5], "val_auc": [0.5, 0.5, 0.5, 0.5, 0.5, 0.5, 0.5, 0.5, 0.5, 0.5]}