{"loss": [1.0313750505447388, 0.6890829801559448, 0.5528992414474487, 0.4626975655555725, 0.39660418033599854], "accuracy": [0.630142867565155, 0.7392857074737549, 0.7822856903076172, 0.8124285936355591, 0.8335714340209961], "auc": [0.6803097724914551, 0.8158234357833862, 0.8614630699157715, 0.8936274647712708, 0.914596438407898], "val_loss": [0.8731000423431396, 0.9174805879592896, 0.6424469351768494, 0.6719970107078552, 0.5695977210998535], "val_accuracy": [0.6965000033378601, 0.6579999923706055, 0.753000020980835, 0.7369999885559082, 0.7870000004768372], "val_auc": [0.7685599327087402, 0.764696478843689, 0.8402189612388611, 0.8344120383262634, 0.8650005459785461]}