{"loss": [0.8005289435386658, 0.40801942348480225, 0.2973155677318573, 0.1931176632642746, 0.13424132764339447], "accuracy": [0.7302857041358948, 0.8427143096923828, 0.8852857351303101, 0.9244285821914673, 0.9518571496009827], "auc": [0.8040735125541687, 0.9227908253669739, 0.9550966024398804, 0.9785075783729553, 0.9891002774238586], "val_loss": [2.275707483291626, 0.5415318608283997, 1.0179938077926636, 0.8704758882522583, 1.026387095451355], "val_accuracy": [0.5174999833106995, 0.8134999871253967, 0.6104999780654907, 0.6765000224113464, 0.6424999833106995], "val_auc": [0.6659634113311768, 0.9186789989471436, 0.7921549677848816, 0.777618944644928, 0.7543660998344421]}