{"loss": [0.00017513081547804177, 0.00017311853298451751, 0.00017324314103461802, 0.00016946082178037614, 0.00016969665011856705], "accuracy": [0.5262500047683716, 0.5509999990463257, 0.5529999732971191, 0.5877500176429749, 0.6129999756813049], "auc": [0.5344603657722473, 0.5726121664047241, 0.5956710577011108, 0.6748409271240234, 0.6885437369346619], "auc_1": [0.5256878733634949, 0.5495936870574951, 0.5702703595161438, 0.623608410358429, 0.6320853233337402], "precision": [0.5364330410957336, 0.565891444683075, 0.5605714321136475, 0.6214532852172852, 0.6326290965080261], "recall": [0.3865000009536743, 0.43799999356269836, 0.49050000309944153, 0.4490000009536743, 0.5389999747276306], "val_loss": [0.6854183077812195, 0.6747260689735413, 0.6678748726844788, 0.6561952233314514, 0.6505507826805115], "val_accuracy": [0.531000018119812, 0.5059999823570251, 0.5295000076293945, 0.6604999899864197, 0.6629999876022339], "val_auc": [0.6658920049667358, 0.6601204872131348, 0.7027485370635986, 0.7168639898300171, 0.7283110022544861], "val_auc_1": [0.5909523963928223, 0.5915393829345703, 0.6196291446685791, 0.6493121385574341, 0.6471560001373291], "val_precision": [0.600649356842041, 0.550000011920929, 0.615686297416687, 0.5987692475318909, 0.663654625415802], "val_recall": [0.1850000023841858, 0.06599999964237213, 0.15700000524520874, 0.9729999899864197, 0.6610000133514404]}