{"loss": [0.8528319001197815, 0.5294814705848694, 0.35075587034225464, 0.25936266779899597, 0.21970519423484802, 0.14855556190013885, 0.12347525358200073, 0.10685228556394577, 0.07851260155439377, 0.06328268349170685], "accuracy": [0.7044285535812378, 0.7985714077949524, 0.8625714182853699, 0.8934285640716553, 0.9147142767906189, 0.9418571591377258, 0.9524285793304443, 0.9588571190834045, 0.9710000157356262, 0.9738571643829346], "auc": [0.7712665796279907, 0.8787888884544373, 0.9368255734443665, 0.9625060558319092, 0.9720295667648315, 0.9866551756858826, 0.9903571009635925, 0.9922980666160583, 0.9957059621810913, 0.9973970651626587], "precision": [0.702633798122406, 0.795531690120697, 0.8596938848495483, 0.892307698726654, 0.9117730259895325, 0.9399715662002563, 0.9494748711585999, 0.9575498700141907, 0.9687233567237854, 0.9750787615776062], "recall": [0.7088571190834045, 0.8037142753601074, 0.8665714263916016, 0.8948571681976318, 0.9182857275009155, 0.9440000057220459, 0.9557142853736877, 0.9602857232093811, 0.9734285473823547, 0.9725714325904846], "val_loss": [0.6620673537254333, 0.9842808842658997, 1.5900976657867432, 0.4774048924446106, 0.5081945061683655, 1.123586893081665, 0.5145288109779358, 0.5546825528144836, 0.4929060935974121, 0.4659891128540039], "val_accuracy": [0.7204999923706055, 0.7325000166893005, 0.5824999809265137, 0.8335000276565552, 0.8230000138282776, 0.6974999904632568, 0.847000002861023, 0.8489999771118164, 0.8615000247955322, 0.8705000281333923], "val_auc": [0.8436679840087891, 0.8809885382652283, 0.835150420665741, 0.9251714944839478, 0.9245544672012329, 0.8873760104179382, 0.9369925260543823, 0.9280855655670166, 0.9354161024093628, 0.9427340030670166], "val_precision": [0.8049792647361755, 0.6559355854988098, 0.9661017060279846, 0.7781484723091125, 0.9047619104385376, 0.9625293016433716, 0.7920875549316406, 0.7942664623260498, 0.92984539270401, 0.8340847492218018], "val_recall": [0.5820000171661377, 0.9779999852180481, 0.17100000381469727, 0.9330000281333923, 0.722000002861023, 0.41100001335144043, 0.9409999847412109, 0.9419999718666077, 0.7820000052452087, 0.925000011920929]}